O1x,O2x,O3x,O4x,O5x,O1y,O2y,O3y,O4y,O5y,Rshot
15.2,-13.43,-0.23,23.11,-4.34,7.02,33.0,16.8,38.52,21.35,3
-12.82,-22.85,1.99,-2.61,16.12,21.78,32.94,34.52,38.58,33.65,3
11.0,23.03,-4.25,22.24,-19.62,28.11,42.46,42.07,22.4,37.69,3
-11.52,4.59,20.72,-2.31,-19.48,39.52,27.85,25.81,21.79,39.63,3
-22.09,-8.42,2.42,-6.25,21.25,37.22,17.3,33.17,41.96,30.51,3
1.89,9.4,-1.81,-22.69,19.29,43.91,36.99,33.31,41.43,42.98,3
16.65,21.63,0.78,0.25,-21.7,41.94,25.39,15.5,41.93,29.52,3
20.57,-22.69,-10.75,12.35,-17.06,28.75,34.83,34.63,29.83,43.71,3
14.7,-7.68,-23.18,-4.74,21.56,19.66,24.93,42.41,39.51,33.2,3
-16.5,23.09,-5.92,4.56,21.38,16.65,40.38,20.63,15.76,26.83,3
-15.41,13.44,-8.69,-21.97,22.99,33.29,19.5,18.49,26.32,39.61,3
20.9,8.27,1.83,-7.64,-23.2,40.91,32.8,39.23,13.74,42.83,3
-22.3,-22.83,19.16,5.04,-12.24,42.17,30.61,24.59,14.7,18.93,3
5.25,-16.65,-19.41,-9.4,22.58,16.99,40.85,24.59,35.97,30.62,3
23.54,7.43,17.85,-21.97,-15.61,39.28,18.08,24.04,32.07,43.95,3
22.5,10.58,-18.01,-0.01,12.8,43.29,43.08,25.65,41.66,17.41,3
-10.07,-5.67,-22.58,1.29,-22.3,47.81,16.87,43.19,43.26,30.49,3
17.86,-5.3,-23.73,4.88,1.48,33.44,28.52,41.15,41.47,11.35,3
-10.65,-5.78,22.36,-22.01,9.44,42.29,37.8,39.82,33.13,18.69,3
1.24,-0.88,19.65,-22.77,-16.56,36.43,15.0,22.5,42.85,23.1,3
-18.4,1.11,19.49,-13.24,-22.36,24.87,22.47,42.4,9.62,40.78,3
-9.56,9.54,-10.73,22.86,-21.35,5.07,16.56,46.46,40.44,38.96,3
-16.65,-12.48,-23.2,7.06,23.14,35.33,17.78,41.7,18.28,37.93,3
-4.43,12.89,22.98,2.22,-22.26,48.05,18.86,42.38,34.77,38.41,3
-17.56,16.02,0.4,-19.89,-3.49,40.14,22.78,27.57,11.83,38.4,3
-23.16,-22.16,-4.75,13.36,3.19,44.07,30.0,17.98,10.29,41.48,3
22.09,14.75,22.87,7.54,-14.63,25.59,2.08,43.41,46.93,32.54,3
1.3,16.67,-1.56,-22.36,-18.18,11.08,29.98,44.08,39.16,24.68,3
-10.87,1.24,-22.87,2.79,21.75,16.95,17.35,37.89,22.79,39.41,3
21.66,-1.3,15.42,-22.17,7.46,39.4,35.15,29.23,34.62,18.13,3
21.62,-18.77,4.2,-2.53,-21.44,29.17,22.21,13.49,42.51,33.31,3
11.0,-3.08,-22.91,17.25,-20.23,28.29,17.34,40.94,14.15,21.18,3
12.49,-22.86,-8.18,8.72,3.75,24.56,44.52,32.89,44.36,18.15,3
-16.33,21.03,3.69,6.45,-23.27,17.27,32.08,42.77,15.08,37.08,3
-2.29,-13.89,-8.85,14.66,23.06,43.25,19.4,39.79,21.24,39.22,3
16.46,4.87,-3.07,-18.58,23.2,21.05,28.51,40.9,26.8,39.92,3
7.27,8.96,-7.07,22.44,11.17,45.77,40.55,3.06,37.92,14.15,3
22.02,-23.06,-2.48,11.93,17.96,30.2,29.8,16.15,13.24,40.33,3
-9.43,-23.2,-22.25,-1.05,19.55,15.31,33.08,26.45,28.96,20.56,3
-23.17,-0.87,-17.29,-21.46,-16.47,42.36,13.88,34.63,25.43,13.67,3
-4.93,-12.46,22.83,4.25,2.49,27.57,11.09,37.15,43.23,4.26,3
7.92,-22.58,11.62,-18.03,14.75,2.38,43.26,40.38,16.42,36.24,3
1.36,22.49,-11.7,-20.69,7.39,16.18,29.48,28.89,34.74,38.08,3
-20.12,-0.37,-21.0,18.69,19.98,21.44,16.3,39.16,22.66,44.02,3
1.0,-22.92,-14.65,12.02,-4.45,16.09,35.96,19.63,34.08,37.35,3
-22.29,-2.51,-1.01,-17.66,22.12,37.84,13.57,27.69,24.43,28.12,3
-11.18,19.05,9.01,-21.09,0.43,18.48,31.16,38.55,29.73,17.27,3
-23.47,-12.9,-0.34,3.67,21.9,35.58,46.39,40.09,15.58,35.83,3
-19.16,5.06,4.21,-19.13,23.2,25.24,15.82,42.53,39.51,38.18,3
22.91,-17.8,1.38,19.7,6.49,42.57,28.57,38.54,26.42,14.21,3
-13.01,-8.42,9.03,6.02,-22.88,18.83,30.4,42.83,6.48,42.83,3
23.73,9.86,-0.26,-22.23,-12.67,36.14,19.15,29.4,38.29,20.16,3
10.02,-13.54,1.52,22.69,-20.08,18.09,19.75,29.43,33.42,39.86,3
4.38,-22.33,-8.24,23.06,-14.38,15.11,37.08,37.56,39.84,23.24,3
17.88,-8.82,3.63,-23.37,-9.16,20.49,33.1,25.64,39.95,42.48,3
-1.23,-4.98,6.37,-17.95,18.63,5.53,40.33,26.53,24.66,39.33,3
20.33,2.7,-2.24,23.24,1.22,16.77,7.16,40.51,37.74,34.02,3
-23.32,7.28,-8.54,22.0,-8.46,39.36,20.93,43.81,37.88,31.6,3
-23.59,21.66,11.48,-5.72,5.55,35.0,35.8,21.66,16.42,35.48,3
15.25,-8.25,-22.37,22.51,-12.35,21.15,21.64,33.21,41.44,22.79,3
10.08,1.95,19.98,-1.78,-23.15,31.44,32.08,37.54,11.53,39.75,3
2.03,6.2,-1.97,22.46,-19.68,13.46,47.37,29.23,41.42,21.66,3
-4.13,22.96,8.96,0.09,12.13,17.02,39.49,29.42,33.14,8.54,3
-9.57,22.42,-12.57,13.99,-23.25,16.27,38.98,41.54,11.04,42.1,3
0.39,-21.84,-22.18,12.67,21.02,16.26,24.46,41.02,36.47,21.96,3
17.53,6.54,-13.38,-22.65,-13.35,25.55,40.49,31.84,39.29,20.48,3
-5.91,4.33,-22.42,-15.04,18.25,26.81,40.9,41.5,15.96,24.78,3
14.14,-11.85,-22.99,-0.37,22.69,10.3,18.82,41.22,39.23,38.06,3
-12.29,21.2,-22.58,-2.02,-11.33,42.67,37.87,31.5,37.72,19.87,3
4.73,18.72,20.88,0.85,-22.27,30.49,22.47,40.56,16.54,37.2,3
22.03,19.93,-3.09,1.8,-22.86,40.95,26.73,34.09,20.93,39.27,3
22.52,9.31,-16.94,-1.21,-21.71,40.23,28.27,12.36,8.73,39.45,3
20.9,-17.86,-3.07,1.8,-3.9,29.27,32.81,38.2,21.41,42.01,3
-15.74,10.98,9.3,3.03,-4.38,20.15,31.44,12.48,28.15,42.36,3
-22.24,-15.7,22.63,15.22,-1.78,39.22,17.53,36.17,30.79,13.03,3
5.32,22.43,-7.9,16.74,-22.0,15.03,38.54,37.15,24.53,40.16,3
-0.63,7.17,21.47,-9.13,-21.58,17.11,23.13,40.99,34.91,38.28,3
12.58,0.72,-16.33,-23.16,21.21,16.52,34.9,7.42,41.29,41.36,3
-8.51,1.57,-1.66,18.2,-22.03,17.88,23.74,28.43,23.05,40.54,3
-17.89,18.42,1.84,-2.22,-5.3,25.64,20.48,40.16,17.28,43.19,3
21.73,-2.37,21.43,-3.15,-23.35,38.26,27.83,27.91,14.92,39.2,3
12.27,12.59,-18.43,0.13,22.92,16.52,39.95,35.96,42.92,37.43,3
-21.6,17.26,23.41,-3.32,8.32,25.72,22.9,44.72,14.52,34.22,3
-21.21,0.11,20.15,9.01,-12.34,34.79,16.41,30.74,24.08,10.76,3
-10.61,-22.82,-10.18,10.64,6.75,18.71,41.25,33.48,38.08,13.95,3
5.37,-22.18,-15.69,-22.71,-4.95,38.13,32.39,41.13,42.7,14.43,3
-14.2,4.65,19.52,11.99,-15.63,21.55,42.86,38.75,17.12,43.19,3
-3.82,2.21,9.84,0.51,-22.58,11.14,37.62,46.16,33.57,36.11,3
10.61,1.92,-10.14,-22.92,21.73,15.86,41.39,38.86,38.63,31.19,3
-5.32,7.98,-23.27,-5.98,-2.02,46.27,13.43,42.64,14.18,37.3,3
23.48,-21.04,-4.45,16.1,-21.68,35.1,22.25,13.5,23.25,40.43,3
1.65,-3.36,-22.78,-13.89,5.56,41.43,45.65,42.79,16.73,14.47,3
-18.8,1.0,23.33,-22.19,8.53,12.0,36.3,40.47,38.24,11.6,3
-5.2,22.57,-10.16,6.48,-23.1,47.75,40.34,30.73,24.23,42.57,3
16.95,-1.1,-3.44,22.77,-21.56,19.77,13.88,34.06,39.74,26.93,3
-22.76,-12.71,-23.42,6.75,9.94,43.49,34.39,35.04,41.88,7.73,3
22.55,-21.42,14.39,17.04,-1.74,32.09,32.44,20.28,45.1,15.42,3
-10.7,23.08,14.41,4.29,-13.25,26.89,38.52,22.58,15.26,21.04,3
-6.44,22.9,12.84,-0.75,10.37,39.93,39.84,19.73,13.77,45.73,3
15.38,-4.12,8.11,23.12,-22.28,33.36,14.13,21.3,42.67,41.47,3
-5.44,21.22,-3.14,-23.32,0.23,15.27,40.2,39.06,39.23,40.8,3
3.91,-20.27,-22.62,-13.16,15.7,41.1,41.89,31.64,18.72,21.26,3
-9.02,16.31,22.43,-16.68,-6.1,37.95,38.37,40.26,41.6,7.84,3
19.6,5.47,-12.02,14.21,4.76,33.5,29.73,15.89,19.73,44.1,3
-0.7,-16.95,-22.92,4.3,-18.28,25.27,44.01,39.31,40.43,24.29,3
-18.69,-22.71,-8.83,-0.58,17.66,23.67,42.55,40.45,14.88,22.91,3
-3.27,17.01,-23.03,7.3,-3.2,49.33,25.25,43.53,41.95,37.31,3
-18.4,-8.04,-7.79,2.43,12.11,28.42,11.78,37.29,38.73,19.64,3
-11.58,11.92,-23.58,20.08,-9.08,19.75,29.92,40.58,23.08,9.25,3
-0.75,-23.21,18.44,-7.63,23.58,18.26,40.97,23.53,40.44,37.94,3
-10.35,-8.52,-22.89,23.46,11.52,14.97,33.84,42.09,36.93,12.98,3
7.27,-0.46,-12.9,2.69,-23.35,34.85,23.19,39.36,45.04,38.32,3
9.85,-22.09,22.99,7.9,2.04,45.65,38.87,35.75,41.41,14.19,3
8.7,20.59,-13.58,-4.42,-17.67,33.81,27.59,19.17,12.97,40.28,3
1.66,-22.37,-16.23,18.87,9.79,12.46,39.04,22.67,25.0,36.9,3
1.25,-14.29,-22.25,20.39,14.61,24.14,21.78,38.23,40.81,14.27,3
2.92,-22.99,11.18,-4.9,4.1,44.17,40.81,17.64,24.32,17.16,3
-23.23,11.84,-4.6,-0.82,23.04,41.14,17.13,24.92,41.08,38.54,3
-14.53,5.64,21.79,-3.64,-22.81,17.88,17.42,40.01,38.63,40.37,3
-22.87,21.46,11.88,-12.22,-5.36,41.67,41.99,18.79,36.36,19.79,3
22.44,7.06,-16.05,-22.92,-2.19,36.63,29.93,24.59,41.17,15.86,3
8.34,23.01,-1.97,-19.15,-7.04,16.07,38.36,13.6,39.39,29.47,3
0.28,1.31,-8.15,19.16,22.67,29.79,12.88,40.37,24.85,40.86,3
21.5,-8.34,-23.16,-13.02,4.6,38.83,38.39,36.92,21.27,41.68,3
1.94,2.01,12.28,-22.44,11.66,12.03,41.61,29.74,37.8,32.99,3
21.51,10.29,-1.64,-19.99,-1.93,30.89,36.42,4.29,31.56,33.43,3
4.75,20.58,3.91,-17.6,-23.12,12.34,27.09,17.79,16.94,39.74,3
-22.65,9.18,-3.8,-14.4,23.2,39.95,22.15,37.22,21.42,38.78,3
23.01,6.53,-3.8,-22.44,19.11,40.59,45.13,13.97,37.67,22.66,3
-2.38,-18.93,22.84,7.79,1.53,39.21,25.15,38.34,43.95,31.47,3
18.9,-23.04,-20.82,1.54,-7.67,23.42,43.77,24.67,41.31,30.5,3
-15.73,-22.74,21.13,-6.81,-0.68,22.03,36.06,35.84,39.01,33.8,3
-9.91,-0.91,20.02,22.08,-19.5,18.55,31.73,26.15,41.46,40.31,3
23.15,0.92,-0.3,-22.48,20.46,41.1,13.45,45.91,37.12,27.4,3
-2.5,14.3,17.46,-16.38,23.17,24.46,40.14,23.19,32.18,39.86,3
23.55,15.14,-9.64,9.86,-17.41,37.0,19.29,44.64,42.19,34.74,3
1.13,-14.7,-22.8,-1.85,19.98,9.73,17.02,36.04,38.78,26.15,3
-20.67,23.04,-21.75,-3.6,-1.25,21.08,39.78,33.55,38.1,13.56,3
12.06,1.8,23.4,-23.53,-6.13,41.41,26.01,40.56,41.91,15.23,3
-23.29,17.7,2.71,-10.25,-1.08,42.46,32.98,40.51,15.74,36.1,3
-21.4,-3.75,-22.67,4.64,17.49,23.26,17.68,43.25,39.86,37.31,3
-11.84,-10.87,6.34,-17.64,13.49,39.45,14.48,25.78,41.4,20.74,3
-3.33,4.02,-22.99,4.82,22.04,46.01,12.14,43.84,39.77,32.65,3
3.75,23.04,-9.73,9.07,-19.24,48.24,43.16,38.95,28.71,34.0,3
20.42,2.39,-14.94,-7.22,-22.72,27.54,34.42,34.82,43.5,36.74,3
-9.35,0.98,-18.31,-6.03,-23.45,40.49,40.57,22.75,12.08,43.39,3
0.13,-2.1,23.06,7.51,14.33,12.52,41.1,39.25,40.45,21.51,3
20.66,13.71,-21.61,-2.88,-1.67,38.08,20.21,40.88,22.02,39.42,3
14.32,-9.2,23.31,-2.41,-4.73,18.96,41.78,41.67,36.75,41.58,3
7.75,-23.08,5.55,21.04,-11.99,31.18,42.93,42.62,32.91,23.45,3
-11.37,19.9,22.83,5.17,-2.69,29.31,24.7,41.42,13.13,37.37,3
-17.17,-4.19,-1.8,9.49,6.33,28.32,41.63,15.48,43.24,35.59,3
0.9,-2.05,21.11,4.12,-22.98,37.28,1.65,29.33,42.52,37.93,3
-3.79,-20.65,-5.77,5.15,-23.52,15.38,20.16,37.94,30.43,40.83,3
-11.7,16.04,-18.4,-0.55,-23.4,26.95,19.74,22.24,18.67,39.08,3
6.35,-13.56,22.75,2.41,-8.92,16.73,21.12,34.91,34.55,32.78,3
19.18,-19.04,20.64,3.6,-12.3,23.82,25.83,41.97,12.88,28.59,3
-19.81,10.66,-3.13,23.15,-2.98,24.77,23.93,41.9,39.16,13.78,3
5.32,-11.4,-2.33,23.06,16.51,21.57,18.28,41.28,40.97,20.98,3
-2.75,4.82,21.68,23.46,-20.43,35.46,17.46,29.34,41.37,37.57,3
-22.26,-13.38,19.56,6.0,-9.42,32.14,32.85,29.02,33.09,17.8,3
6.71,4.71,-22.29,22.67,5.81,17.78,23.4,40.58,39.25,30.28,3
-22.07,15.33,22.92,-3.89,-19.0,23.83,22.13,40.25,37.86,33.66,3
-23.01,-7.75,3.12,17.85,21.58,41.72,13.08,35.36,39.48,32.8,3
22.78,-9.61,10.12,-21.47,17.29,39.38,41.72,16.79,28.43,27.56,3
15.39,-23.12,23.22,7.31,-11.56,23.29,39.02,29.69,36.08,3.14,3
-5.01,23.38,12.25,-22.75,8.05,31.87,35.89,18.58,31.08,39.71,3
-23.04,-17.68,-7.4,-11.44,21.03,42.05,22.62,26.52,48.56,36.49,3
-23.47,22.29,-0.67,-8.89,-4.33,44.08,39.85,39.35,36.05,29.55,3
2.68,22.3,-2.2,-12.33,21.73,13.89,40.7,25.49,17.86,30.22,3
-0.64,0.22,2.72,-10.33,-23.14,41.81,35.11,35.61,19.24,30.41,3
-21.32,-22.62,3.75,21.24,19.58,23.88,38.29,15.47,27.19,40.67,3
2.03,12.91,-22.41,-22.69,-4.19,19.65,32.61,32.87,41.52,19.91,3
-5.8,19.1,-21.5,-16.61,3.04,33.15,27.81,29.81,42.69,23.01,3
19.27,-18.71,-10.9,22.59,5.94,18.85,25.1,30.06,40.45,26.17,3
-1.7,2.6,11.26,-16.23,-22.64,28.75,37.62,21.12,23.5,36.43,3
-6.65,23.01,4.86,8.87,-20.67,45.56,39.81,35.96,18.76,28.35,3
-12.57,-23.27,3.98,4.85,21.73,30.39,42.39,40.36,15.99,30.4,3
7.29,22.07,-11.45,10.7,-23.06,12.42,29.88,15.58,44.37,36.48,3
21.6,22.67,-8.32,10.56,-6.78,28.75,41.27,26.63,17.53,40.98,3
-18.57,22.93,-23.08,6.82,1.85,22.99,37.41,33.74,35.26,17.53,3
4.28,0.7,-21.52,22.65,-8.62,21.73,15.02,31.43,36.62,42.82,3
-23.51,12.12,-4.72,-2.65,6.16,38.49,18.35,15.57,39.02,43.94,3
-3.56,21.87,-22.39,1.05,-17.42,31.66,31.48,39.58,36.34,21.4,3
-22.21,17.55,-10.07,-3.24,18.3,29.45,14.57,43.65,18.74,40.46,3
19.15,22.24,-4.18,11.37,-22.41,26.2,41.39,39.76,33.34,37.53,3
11.11,-11.93,-22.9,-14.31,-15.43,14.14,32.83,42.81,18.81,43.26,3
15.43,22.91,-10.35,-22.45,14.9,39.96,40.29,43.86,35.73,18.42,3
-9.33,21.37,17.06,-22.28,-10.62,18.39,16.06,41.66,31.74,10.2,3
-23.36,-11.66,10.26,23.02,-16.19,38.52,19.57,20.15,34.69,43.58,3
-16.85,-8.96,10.07,-21.83,13.88,18.16,44.47,18.36,37.64,21.64,3
22.71,10.34,-18.62,9.84,-5.86,33.99,18.08,25.38,41.3,45.09,3
12.99,8.78,-16.37,-22.88,-18.96,19.16,41.29,24.48,34.91,20.12,3
10.81,8.9,-9.76,-21.51,4.1,30.4,17.83,13.58,39.44,36.75,3
7.1,7.6,1.25,16.97,-19.92,11.69,41.24,43.26,21.75,23.23,3
-6.43,-4.04,-22.29,-18.04,20.75,33.88,25.23,34.38,21.48,38.77,3
5.21,22.66,-2.48,-5.1,-7.84,35.01,41.17,45.01,18.67,40.07,3
-5.94,19.09,-12.56,9.22,14.44,25.89,34.17,21.03,40.34,18.84,3
0.22,-17.48,-1.45,-21.36,23.06,21.28,18.58,38.26,33.55,40.08,3
-0.2,-13.93,8.02,-22.81,-18.06,39.23,16.31,19.78,41.06,44.88,3
-12.24,8.57,-22.44,13.58,-13.87,13.11,29.36,42.14,20.89,31.08,3
20.31,-4.0,-7.38,-22.55,15.65,40.57,21.62,11.05,42.06,23.8,3
-16.5,2.46,-10.22,11.56,-22.97,21.78,38.16,47.9,17.97,41.92,3
-23.15,-16.59,4.12,-8.66,-0.93,40.33,19.08,38.59,40.46,21.85,3
-21.35,22.03,-3.9,8.57,-16.16,41.6,36.88,17.73,31.81,27.08,3
23.12,-1.15,11.4,7.14,-13.92,43.23,38.95,17.85,45.07,19.42,3
17.99,0.14,10.12,-12.65,23.08,23.67,38.3,40.13,20.08,41.05,3
-0.92,17.6,-20.55,3.85,1.74,34.16,23.84,29.15,30.47,17.08,3
-22.47,5.06,-10.48,23.25,10.63,35.39,36.38,12.67,44.49,31.57,3
-22.87,8.04,0.23,-3.57,22.66,38.53,18.14,24.04,23.76,40.04,3
0.69,16.79,8.44,-16.3,-14.43,20.49,23.08,31.47,35.9,33.37,3
-21.41,11.63,-23.05,22.79,-16.29,49.85,16.21,41.85,35.73,17.17,3
22.91,-17.49,-4.36,-16.78,8.54,34.46,37.67,40.99,21.76,17.8,3
-5.04,22.58,11.52,3.74,-22.42,23.76,40.67,19.9,32.22,35.83,3
22.99,3.57,-19.63,-18.82,-10.83,36.08,38.59,42.07,27.27,19.3,3
-8.72,-15.97,20.15,-23.26,-3.34,20.55,18.35,28.84,41.4,22.48,3
-9.79,-23.72,14.65,23.25,-0.86,16.41,43.71,15.8,38.58,37.22,3
-19.37,22.31,19.1,-11.11,1.01,24.45,38.86,20.64,36.18,4.56,3
-19.42,-1.44,23.43,-10.49,19.92,25.65,13.55,39.92,30.52,23.66,3
23.71,19.2,-2.46,-20.59,-2.02,42.59,23.38,49.46,37.35,16.71,3
-18.02,6.76,19.36,23.42,-22.64,16.81,11.71,21.3,39.25,41.54,3
21.98,-23.42,-2.61,-3.77,2.13,31.67,34.38,12.61,42.68,28.0,3
-3.55,-0.56,-3.73,17.02,-21.53,39.34,44.79,14.91,23.17,36.2,3
-8.07,-21.69,-9.59,19.04,9.47,33.7,39.99,19.27,26.96,49.28,3
-10.16,16.02,8.04,-19.09,-7.62,14.31,23.58,19.6,19.1,33.96,3
-22.78,-14.85,-14.75,10.86,4.31,33.32,16.81,37.41,27.21,14.84,3
23.2,-5.08,-20.55,1.15,-6.25,35.16,47.95,35.07,39.47,14.49,3
3.95,17.78,-13.99,-13.77,1.04,10.69,27.4,21.08,47.65,14.88,3
-4.35,-2.03,22.54,3.88,11.62,10.31,41.89,40.17,29.6,16.04,3
-4.98,-1.14,-16.01,2.35,-22.99,47.97,39.31,17.65,41.1,41.59,3
15.06,-6.25,11.56,21.51,-14.29,20.86,11.62,33.05,36.5,13.6,3
5.85,-12.67,-23.21,19.7,-3.62,18.14,16.54,39.48,37.37,37.42,3
8.99,-7.5,4.67,12.9,22.73,12.67,38.42,31.91,34.0,42.5,3
-2.92,22.72,-21.58,19.05,-0.75,16.97,36.98,35.61,19.01,34.54,3
-8.33,8.09,-22.91,-19.21,13.72,32.33,15.99,41.42,26.43,32.74,3
22.53,-11.13,-21.95,-2.49,-3.0,38.28,32.54,38.94,17.49,32.1,3
23.02,-21.93,-17.87,2.01,-1.37,31.7,42.09,20.28,18.22,36.6,3
-16.7,15.36,-0.22,-23.73,10.78,22.6,21.93,15.38,43.81,41.26,3
1.5,-20.58,24.27,-3.56,-12.01,36.86,27.32,42.61,15.98,43.97,3
1.18,22.88,-3.91,-22.67,14.87,37.81,38.01,17.13,41.29,16.14,3
-23.2,9.44,12.86,22.91,-14.63,44.48,19.28,44.66,38.35,19.67,3
23.08,2.52,13.92,-22.72,-3.91,37.62,29.41,12.84,38.4,41.12,3
-23.22,14.71,3.02,-20.13,-0.18,44.38,18.31,18.4,26.25,38.08,3
-20.42,17.64,-0.81,23.34,-9.02,33.56,15.18,17.14,38.25,18.39,3
14.72,-13.27,21.19,-23.02,5.42,26.21,36.03,39.23,34.23,19.06,3
-13.36,9.88,-1.92,22.16,8.57,34.45,41.3,30.37,35.86,16.74,3
-13.61,-1.22,22.91,-3.76,20.9,40.22,20.51,42.58,45.66,22.45,3
-4.46,3.57,6.43,-22.64,4.76,17.91,42.1,39.64,40.28,10.86,3
22.62,7.67,-22.58,11.83,-4.54,40.0,38.03,36.43,17.03,35.36,3
-11.58,-23.08,-4.98,4.6,-8.14,17.14,36.11,30.54,13.78,43.95,3
22.01,12.86,-17.67,-15.35,7.58,32.03,43.91,32.64,20.7,16.71,3
7.35,22.42,20.53,-23.08,-12.56,21.52,33.28,41.69,39.69,19.55,3
5.69,-23.08,-10.7,-22.6,4.02,13.97,31.1,17.02,42.42,37.36,3
-5.75,23.21,15.3,-16.85,-22.47,19.04,41.78,19.2,35.06,34.03,3
-2.17,-9.27,9.38,10.37,19.12,44.14,15.96,28.89,19.03,38.06,3
-6.04,22.91,0.36,-21.94,13.22,7.24,36.21,33.33,26.63,15.36,3
-5.54,-18.19,3.54,-23.1,12.51,15.27,22.47,37.13,40.83,14.71,3
2.42,17.04,7.27,-21.07,4.33,11.4,23.75,36.57,40.28,41.71,3
-20.6,10.02,-10.6,23.25,-7.38,22.51,16.43,16.13,37.75,44.41,3
-11.41,-21.89,-23.58,11.97,7.86,15.82,26.65,39.26,18.03,43.79,3
-10.81,22.38,-5.5,14.84,-20.52,18.43,38.54,40.13,17.35,34.21,3
-19.25,22.75,1.42,10.08,-15.08,39.42,35.75,34.25,12.08,11.42,3
21.43,7.62,-22.55,-15.24,-9.9,30.7,11.22,36.1,20.35,29.12,3
9.39,22.58,-6.25,-20.86,10.17,43.81,37.14,13.67,25.68,18.48,3
-4.27,-21.6,23.25,9.83,6.01,15.19,42.1,40.12,26.99,17.74,3
7.96,3.51,22.93,-22.89,-17.81,23.52,11.39,38.29,40.59,22.24,3
-23.25,-8.49,-4.33,-7.49,18.94,29.35,27.39,32.79,42.33,24.8,3
1.62,-6.26,0.69,23.17,-13.29,35.9,40.29,32.02,42.41,22.65,3
12.88,-22.57,20.02,-4.1,-1.46,24.34,35.05,33.87,17.73,32.41,3
-9.12,-21.46,22.81,5.82,1.04,42.98,40.06,38.75,15.54,31.96,3
-12.32,-5.72,-17.24,5.1,-22.55,45.99,16.56,24.14,38.53,41.83,3
3.15,6.24,-22.88,-11.28,22.33,17.85,28.55,39.32,20.09,38.59,3
20.46,-16.27,22.19,2.58,-6.98,28.05,22.67,43.42,22.28,44.12,3
-15.01,22.74,-20.75,6.28,2.89,8.74,37.2,19.23,48.7,20.01,3
21.36,-2.61,-0.33,-20.02,-0.35,28.01,47.43,34.34,38.07,40.81,3
-5.69,-23.1,-2.73,5.79,-13.06,42.67,39.29,27.91,41.32,20.91,3
13.89,-22.35,23.39,-3.59,10.46,18.55,33.89,38.42,42.51,39.41,3
-4.97,22.68,-22.79,4.38,-11.23,41.19,36.48,41.14,37.65,16.6,3
16.34,-5.09,-3.36,-7.36,-21.05,21.47,39.77,45.22,18.82,26.6,3
-21.37,-3.91,6.0,11.2,-8.73,24.1,33.83,24.29,17.14,16.44,3
23.52,-11.19,22.09,13.68,-6.21,41.35,17.49,23.22,25.57,41.77,3
-5.92,0.01,-22.27,0.31,21.89,38.59,26.32,38.06,16.53,34.95,3
20.41,-7.1,-11.12,22.75,13.26,28.64,18.86,33.58,39.12,20.49,3
-6.91,-13.22,-1.2,22.69,14.3,16.12,42.2,32.83,41.69,17.91,3
16.44,-7.89,-22.31,13.77,-8.58,22.51,18.4,33.92,42.48,33.84,3
-9.05,-19.78,-22.87,22.56,12.21,17.81,18.85,36.0,38.51,21.27,3
8.66,20.49,-12.61,-23.08,5.03,13.58,28.71,19.56,41.68,48.64,3
12.04,-3.66,7.58,-7.35,23.32,20.41,15.92,42.81,36.74,39.77,3
-20.39,-5.95,22.45,-22.79,2.59,27.23,21.08,38.06,41.28,19.83,3
-6.33,22.42,6.7,-14.33,-0.49,17.54,40.45,39.66,36.5,36.03,3
-18.43,20.59,22.3,9.28,-13.81,17.54,25.11,41.56,29.28,40.32,3
12.86,-22.88,-9.86,20.7,20.34,21.98,40.57,18.94,33.46,43.51,3
-22.25,-13.75,7.25,-10.58,-8.58,37.75,16.92,31.92,37.42,9.92,3
-19.08,-13.78,18.18,-22.75,3.95,24.04,39.26,37.25,43.03,15.26,3
-11.49,0.1,22.22,-22.47,0.63,29.01,16.79,38.65,37.42,39.19,3
21.63,21.93,2.21,8.54,-22.68,24.79,40.54,19.86,20.54,35.93,3
23.59,-22.52,-11.66,-3.17,-14.24,40.12,43.65,15.74,29.0,39.32,3
-23.06,12.54,3.77,4.42,-6.28,37.16,17.08,41.3,34.43,41.01,3
0.62,6.01,-18.33,17.23,-4.6,11.71,43.31,24.35,22.97,40.45,3
-22.92,22.06,7.0,-16.91,5.59,39.72,33.37,24.83,18.71,17.37,3
22.69,-17.1,-16.46,1.44,9.31,33.1,14.07,35.58,23.28,14.49,3
10.01,-23.28,-18.56,9.04,15.16,16.17,42.15,14.72,40.82,39.13,3
-3.86,2.04,-23.03,-17.97,-9.83,39.84,41.6,36.61,20.25,37.48,3
-14.38,20.19,-0.03,-22.76,7.39,37.01,32.85,20.73,33.21,18.61,3
-3.62,-8.8,8.43,23.02,0.71,42.83,16.01,19.59,41.63,38.95,3
16.22,22.92,-1.01,-0.99,-5.92,45.97,38.77,38.73,34.16,16.11,3
-5.72,7.83,-8.11,21.44,-13.21,13.04,8.61,32.18,26.86,21.08,3
-9.43,-4.29,9.69,4.55,23.31,43.55,37.83,36.8,28.93,41.06,3
-22.92,-9.77,5.76,4.8,-15.12,42.54,36.76,38.83,3.61,21.7,3
-2.63,6.35,-9.28,18.17,22.52,40.87,16.69,32.51,22.32,41.53,3
9.52,22.95,21.97,-10.02,-10.56,21.99,43.73,25.35,37.82,15.59,3
-22.15,9.92,-13.6,-1.53,22.82,34.87,34.94,18.58,25.45,39.08,3
-19.62,3.81,-7.27,7.14,13.52,25.13,5.54,6.9,40.35,30.75,3
2.6,14.18,-15.25,-7.92,12.48,12.65,42.78,22.58,43.18,24.78,3
-0.98,-20.0,13.54,-5.26,23.16,47.78,34.1,16.08,39.48,40.96,3
-23.64,21.45,-1.34,-10.49,-14.65,43.02,27.27,14.25,33.05,30.77,3
13.97,22.55,-3.94,-8.65,-1.89,15.09,32.29,39.82,32.48,17.44,3
22.22,-17.27,-17.08,-1.26,18.28,32.36,13.72,35.51,16.58,18.75,3
-7.69,17.38,22.91,7.11,-5.85,40.36,23.07,41.59,41.17,41.49,3
-19.75,22.48,-10.23,-6.54,12.03,33.03,39.83,29.08,18.24,33.43,3
-22.72,14.14,23.59,-9.69,-9.08,32.88,21.36,38.19,13.95,43.46,3
23.04,-6.13,0.38,13.75,-10.59,44.06,28.35,24.26,19.34,18.13,3
-2.34,15.2,7.38,-17.87,-23.09,37.64,27.2,33.07,23.65,40.54,3
9.11,13.93,-3.49,22.48,-23.26,47.25,24.26,40.73,42.09,30.16,3
-8.61,-8.41,13.92,-22.54,1.14,15.64,35.21,19.81,43.42,39.54,3
-14.75,11.31,23.12,4.91,-13.69,18.43,20.39,39.72,38.89,38.59,3
8.35,11.56,-11.54,-21.31,7.31,36.56,19.21,15.89,39.13,33.98,3
-4.4,-8.58,18.78,-22.95,13.09,14.63,36.44,21.63,41.22,33.88,3
-21.36,18.48,9.37,9.28,-8.22,34.03,38.18,18.14,26.16,29.76,3
-4.05,9.08,22.73,-20.92,-10.14,39.34,15.92,31.36,36.58,18.43,3
12.15,21.0,-21.6,-13.04,8.38,19.94,29.78,37.36,14.32,38.89,3
-21.19,-11.95,10.8,3.24,23.04,27.95,8.91,14.05,12.08,40.35,3
-8.82,-17.88,7.58,18.23,20.72,43.59,24.04,14.36,22.76,40.57,3
-16.7,11.53,-8.73,11.58,-23.01,13.97,19.2,43.19,25.35,37.4,3
-1.49,-22.38,23.36,-13.9,14.26,38.69,32.77,42.45,14.68,22.0,3
14.45,-4.07,-21.92,10.19,18.22,35.26,16.8,41.04,47.71,22.7,3
-2.45,-22.12,7.67,20.85,-14.63,21.63,38.38,38.28,34.94,22.04,3
3.17,-22.22,21.47,21.59,-16.0,25.18,41.03,30.13,42.31,26.52,3
-3.91,7.68,23.05,-19.15,17.32,14.7,39.39,42.58,24.01,23.15,3
3.71,-22.92,-17.73,2.96,9.93,10.76,41.55,19.21,48.72,42.4,3
-21.87,-7.77,-22.91,18.57,23.03,37.53,20.52,29.45,38.42,29.98,3
-12.87,14.44,-3.23,20.97,-22.33,21.4,16.02,29.2,41.61,40.06,3
9.52,-0.26,-18.7,-22.68,23.24,30.08,14.33,19.71,41.61,40.42,3
-12.06,17.11,-22.25,-2.64,6.53,24.77,33.82,37.5,15.62,40.48,3
-7.72,-10.77,-17.5,21.96,-1.98,38.52,34.75,22.52,37.01,15.41,3
7.7,-22.14,-5.72,19.36,-16.26,38.22,39.54,17.78,25.98,28.42,3
-23.09,0.56,-6.94,14.22,0.48,39.79,25.96,42.33,29.37,16.48,3
-12.62,3.21,0.12,-9.67,-22.53,32.54,11.74,34.47,17.68,40.43,3
22.11,8.76,-1.43,-22.9,6.27,31.81,17.28,39.49,41.16,23.94,3
7.86,22.04,17.32,-7.43,-22.59,42.93,36.79,19.15,18.18,36.78,3
15.83,23.03,2.89,-5.19,-6.0,18.24,37.58,16.78,22.94,37.06,3
-16.19,17.87,-21.74,1.76,19.25,10.65,40.71,29.54,20.39,22.46,3
16.34,22.97,-0.27,-16.49,-4.35,21.67,39.52,44.95,27.17,15.18,3
-7.01,-20.74,17.65,7.0,-5.25,14.39,40.24,23.48,39.79,27.33,3
-22.82,-19.96,0.78,21.43,4.12,43.09,24.16,13.84,32.34,38.67,3
13.91,-19.3,-6.02,-23.42,-1.79,6.47,24.65,9.22,39.42,27.64,3
-22.39,17.07,0.71,11.17,21.97,33.06,23.97,35.11,35.77,41.31,3
22.56,-22.13,-3.54,1.46,3.97,20.72,40.41,17.31,43.11,45.26,3
-23.71,-17.67,-9.97,15.91,11.27,43.5,39.23,18.21,24.48,4.19,3
1.81,-3.82,23.07,0.74,0.86,42.83,44.6,38.53,15.38,31.74,3
22.21,-16.12,-17.86,13.89,-11.59,29.85,41.33,25.87,26.33,11.74,3
-23.27,14.44,-19.7,-2.69,18.81,41.49,12.13,16.65,11.27,37.2,3
19.41,-3.66,1.17,-23.06,4.34,32.06,15.5,21.63,36.25,41.65,3
-23.15,21.12,2.93,-4.25,0.15,31.56,28.61,29.87,42.52,12.22,3
7.32,16.24,4.3,23.14,-17.09,25.13,38.11,37.42,40.54,22.3,3
-12.77,-20.51,16.38,21.59,-11.12,19.95,31.78,38.24,25.43,24.09,3
22.77,14.95,18.19,-3.9,-21.66,42.31,17.25,38.62,12.87,31.12,3
-2.99,2.01,-20.57,-4.4,22.81,43.23,7.81,33.42,44.6,32.25,3
5.89,-22.81,20.01,10.46,19.14,11.63,43.51,43.06,39.14,25.52,3
-7.52,21.11,-22.33,-17.57,1.52,41.11,29.3,35.71,18.63,19.39,3
-9.9,3.47,-1.33,19.64,-22.44,39.7,48.91,16.86,28.04,36.65,3
4.98,22.47,-1.08,8.22,-20.35,17.97,30.69,23.33,38.79,22.9,3
14.82,-13.64,19.82,-16.36,-22.35,17.34,16.89,24.54,34.61,39.5,3
-2.36,23.09,-22.4,2.73,-20.58,17.01,40.75,39.06,16.0,23.58,3
10.82,23.37,-22.55,-7.4,-4.07,41.25,39.82,39.75,17.16,43.83,3
17.21,-0.49,-1.27,-21.32,0.96,24.33,16.57,45.49,35.57,43.01,3
22.99,-2.99,-23.24,9.93,4.61,41.81,41.65,35.34,14.38,40.22,3
7.65,1.0,-21.79,-5.53,-8.75,17.93,46.94,34.19,39.38,33.26,3
-19.91,23.41,2.96,-23.3,-7.12,27.52,39.9,38.17,41.9,35.13,3
21.59,-19.56,-18.98,1.7,-3.28,29.44,38.96,23.08,44.56,32.44,3
7.67,20.19,14.19,-15.1,-15.46,16.94,26.54,31.29,39.97,31.03,3
10.09,0.74,-19.83,13.66,21.1,15.72,36.66,21.45,20.32,43.38,3
-23.06,-10.48,23.4,1.96,14.7,41.56,16.2,41.58,36.29,17.34,3
-22.65,8.36,3.53,-7.91,-15.59,42.22,16.59,35.84,11.04,33.58,3
-22.98,9.55,6.45,-20.79,-7.26,42.09,16.9,41.28,25.46,36.06,3
11.58,3.75,-17.42,-16.75,-22.75,17.42,40.92,23.42,35.08,42.92,3
-23.14,-8.84,19.39,21.05,0.83,41.55,27.09,24.86,43.2,5.49,3
-0.1,-11.2,15.48,21.71,2.06,43.15,39.45,23.28,29.72,23.28,3
16.91,22.18,-20.52,0.96,-22.57,43.54,35.43,28.19,17.18,42.93,3
23.55,-22.74,-18.85,8.53,-8.23,41.21,41.75,25.43,29.53,15.69,3
-22.76,21.19,7.9,-13.74,-10.01,42.0,27.44,16.39,41.51,20.85,3
-10.49,15.44,3.8,-6.29,-15.08,31.25,8.28,38.05,14.48,21.85,3
8.17,-0.8,-5.4,19.02,22.25,11.67,23.75,39.43,25.29,42.55,3
-11.0,12.55,22.88,-22.02,-0.25,14.34,18.69,35.79,31.0,34.6,3
2.98,11.44,-2.15,22.55,-22.21,46.34,27.27,13.12,39.48,41.28,3
0.72,-22.51,14.49,3.59,22.54,20.61,33.02,28.25,26.83,41.91,3
22.14,4.9,-2.45,17.27,-16.92,43.19,43.38,40.79,23.26,17.56,3
-11.57,-23.21,4.43,22.99,9.72,19.8,40.41,27.73,42.96,17.74,3
4.54,1.85,-21.04,23.3,-6.35,37.57,14.16,25.47,41.41,42.54,3
22.47,7.4,-2.76,-21.02,15.39,40.65,42.46,14.85,39.24,21.98,3
-10.31,2.34,-1.43,-23.25,21.91,26.73,42.7,14.75,41.35,31.63,3
-20.49,-22.43,-19.34,4.59,3.98,46.81,38.11,25.64,11.2,29.53,3
5.44,-1.93,-15.38,-19.71,22.45,15.53,44.74,19.58,30.97,40.15,3
15.82,-16.46,0.41,-18.66,-1.26,21.67,43.27,28.23,40.36,17.56,3
8.23,4.75,21.11,-21.47,-10.73,36.76,14.11,34.3,29.3,18.66,3
8.05,11.17,-20.92,-13.78,22.47,36.16,5.58,27.12,26.78,34.65,3
-9.9,16.8,22.33,-9.73,-13.37,24.53,18.54,37.56,44.2,21.31,3
-4.55,6.1,-22.06,23.19,-23.42,13.08,38.21,30.94,32.78,42.55,3
17.67,0.75,-23.17,-5.11,-11.2,30.91,31.99,40.49,40.23,17.39,3
4.12,23.41,-3.52,-23.3,13.8,43.21,33.29,26.34,40.5,10.51,3
-6.86,-5.06,-13.03,23.16,7.2,43.37,34.89,45.58,35.84,12.11,3
22.06,-23.34,-0.04,21.35,-11.49,36.96,39.08,20.62,33.83,44.12,3
6.52,13.15,4.58,22.01,-21.9,18.16,38.68,24.48,39.9,26.45,3
-23.02,-15.14,2.75,23.31,11.55,40.67,17.52,25.08,37.29,20.19,3
5.22,20.05,-5.21,22.75,-20.91,23.76,25.57,39.87,38.46,25.22,3
-8.8,10.16,7.39,23.19,-18.57,34.49,14.1,39.54,38.8,39.6,3
21.75,-4.61,-22.45,-12.09,13.13,42.91,23.75,34.68,20.11,17.4,3
-19.96,11.14,-8.07,21.94,10.87,39.42,35.62,13.26,40.21,18.18,3
20.1,9.28,19.88,-4.49,-15.03,26.57,27.75,46.14,40.17,30.33,3
11.01,-15.4,6.51,-16.97,19.58,19.85,42.09,29.6,24.92,37.2,3
-13.63,-21.14,8.07,22.47,11.61,40.62,32.3,12.44,37.45,42.01,3
21.48,-23.38,-8.69,17.97,-16.36,40.1,41.57,16.67,22.07,21.34,3
4.45,-23.28,-7.44,15.32,14.77,41.16,42.85,29.77,17.14,36.17,3
22.93,-23.75,10.02,16.33,-10.34,39.79,41.24,41.21,20.58,17.52,3
-21.1,-16.27,7.6,5.08,14.09,30.22,12.23,28.37,20.41,20.36,3
-20.23,-13.76,-7.42,22.36,12.48,42.27,21.85,37.35,36.74,21.71,3
7.68,-6.65,-6.29,17.73,-21.16,37.65,15.31,33.4,22.3,29.36,3
21.88,5.33,-17.93,-21.98,-1.86,27.91,35.24,21.89,40.16,16.41,3
-21.58,12.73,9.67,1.08,22.97,30.84,20.43,46.85,36.98,40.83,3
22.91,22.15,-1.05,-23.17,-4.44,33.3,19.1,15.63,36.15,36.3,3
-6.73,23.07,-0.02,-11.32,-24.52,36.15,34.34,17.1,36.73,33.38,3
10.68,23.46,-8.59,21.58,-20.37,18.96,41.3,11.98,23.98,27.04,3
23.07,-12.34,13.71,-3.93,-21.94,43.37,25.64,20.06,36.93,39.14,3
23.12,-4.43,3.76,-23.05,-21.17,42.87,25.74,22.39,41.42,28.28,3
-15.26,-2.47,21.84,9.68,-14.22,28.09,37.59,38.85,17.16,21.53,3
9.5,-22.16,-5.14,2.33,-9.2,16.19,39.93,19.59,37.67,33.65,3
-4.1,1.08,17.72,-11.87,-22.51,18.0,39.52,21.51,38.84,29.9,3
-8.49,-10.04,22.18,-3.62,19.1,44.99,41.7,40.57,16.84,24.76,3
-4.44,-21.93,-13.32,2.96,12.68,12.23,29.01,43.63,37.42,18.3,3
-14.07,-0.97,22.08,-22.75,-17.21,40.51,18.96,37.42,42.75,18.42,3
4.02,-13.35,12.89,-11.88,-23.32,8.82,30.94,23.66,39.03,41.7,3
14.26,9.83,-9.44,-6.96,-22.93,42.91,7.24,39.46,15.36,39.39,3
13.61,-23.33,-13.06,12.87,-12.02,15.9,41.52,17.8,35.73,38.86,3
-18.09,22.18,8.59,-16.87,-0.56,19.31,29.3,41.39,40.87,1.22,3
-22.69,-19.51,11.75,-0.68,9.01,39.01,26.84,19.1,12.89,40.16,3
22.61,0.77,18.44,-23.15,-9.93,35.19,15.77,21.9,33.55,28.73,3
-7.04,22.72,-4.56,2.02,16.41,16.64,41.98,34.63,48.66,23.3,3
-8.94,13.59,14.83,21.16,-13.98,26.94,13.94,43.4,35.81,20.01,3
-12.49,13.76,21.06,-22.72,3.49,38.15,16.43,41.58,41.09,37.76,3
20.3,5.61,2.15,-7.77,-5.43,38.02,23.22,33.89,39.23,17.18,3
-16.8,-4.05,19.33,22.77,6.25,20.74,41.54,24.1,40.37,21.47,3
15.63,19.07,-0.67,6.07,-18.68,27.06,40.9,37.58,11.16,24.92,3
12.14,-2.05,-1.72,-20.76,-10.19,39.11,43.13,31.11,27.08,15.13,3
21.71,3.22,-0.01,-23.31,-16.18,41.19,10.56,40.12,41.71,37.49,3
-2.7,19.97,4.07,-21.58,22.57,37.33,22.98,38.92,31.6,40.58,3
0.83,23.54,-23.05,11.2,-14.9,39.59,36.12,43.41,31.91,17.26,3
3.31,-22.77,5.2,-21.75,20.68,35.06,28.4,17.04,39.6,27.88,3
-23.46,19.7,-14.01,2.98,9.21,39.99,33.76,16.78,39.98,40.38,3
22.26,16.97,5.58,0.28,-22.83,39.3,19.19,43.02,27.5,40.6,3
4.93,-3.58,-4.67,-23.41,23.02,36.99,36.38,17.04,41.33,41.22,3
22.38,2.9,-1.53,-19.29,-22.92,39.34,40.86,20.96,23.48,38.78,3
-19.07,-2.67,4.99,21.09,13.59,29.79,35.3,14.75,28.72,37.77,3
-14.89,16.58,-22.89,-5.43,23.27,16.73,22.9,39.75,33.9,38.42,3
-23.54,15.01,-8.34,1.19,-5.98,42.0,10.53,32.69,43.22,16.89,3
-7.36,5.16,-20.42,19.93,22.11,33.63,11.5,27.35,22.67,42.51,3
11.25,21.54,19.41,-3.65,-17.7,9.2,41.53,23.97,40.31,23.64,3
11.14,-6.08,-23.93,-21.12,-7.82,15.54,32.0,41.87,30.38,18.0,3
21.35,8.4,-22.73,-8.51,1.54,34.39,18.54,42.66,11.96,38.87,3
-8.92,-17.76,-23.48,3.44,19.97,38.73,18.73,42.0,30.92,32.14,3
-5.06,10.55,-23.09,-2.23,-15.66,39.92,43.35,42.99,17.44,25.69,3
13.13,21.13,-8.64,8.26,-23.52,15.13,38.67,36.8,36.95,42.48,3
15.39,-5.2,23.21,-21.71,7.25,21.93,13.75,38.34,33.6,39.79,3
-8.12,-5.74,-4.96,15.25,17.81,43.25,17.31,38.82,17.56,37.38,3
-5.41,8.92,-20.62,22.56,-11.87,7.5,29.64,38.24,35.9,15.41,3
23.25,-5.13,-20.92,-0.73,12.9,41.4,8.45,39.09,26.53,20.25,3
-10.25,22.21,-16.59,-23.21,1.7,14.41,38.53,41.25,38.47,33.13,3
-23.01,-17.46,2.08,-4.08,22.28,36.9,20.74,17.8,24.39,37.49,3
-14.53,4.31,1.01,-22.89,-22.92,17.74,29.12,38.98,32.51,42.57,3
-1.97,-18.28,17.2,7.38,18.59,16.31,21.47,22.49,35.55,43.16,3
6.47,-22.39,-21.81,21.91,2.16,20.89,42.48,25.3,40.94,36.6,3
-6.95,22.88,-22.64,-9.04,16.33,39.52,39.16,38.53,25.85,23.15,3
7.08,19.61,15.92,-5.34,-4.31,30.48,40.75,21.42,34.13,17.07,3
6.77,10.97,4.5,23.34,18.62,42.31,36.7,14.36,39.39,20.25,3
-22.03,2.15,-12.51,10.23,13.05,35.25,29.79,39.53,18.32,39.02,3
21.56,-10.68,-0.64,17.71,-23.05,40.08,15.09,39.59,13.67,42.12,3
-15.04,-5.45,9.69,18.99,-23.91,21.34,25.29,27.29,24.85,37.26,3
-10.33,-23.33,17.32,21.0,-5.51,38.47,32.84,43.58,24.89,20.35,3
9.12,18.09,-22.83,23.09,-1.48,45.12,19.18,35.28,37.45,17.17,3
3.26,-22.73,2.43,2.13,-1.12,43.05,40.01,7.67,35.95,19.43,3
-4.87,17.79,23.14,-22.92,0.97,18.01,18.19,39.12,40.11,17.01,3
1.66,-4.24,22.48,-10.38,-22.56,32.66,40.66,39.72,14.54,42.55,3
18.19,1.69,-23.31,14.82,-14.14,40.33,32.86,40.96,26.35,16.61,3
-22.05,24.79,12.24,-14.78,5.4,39.08,35.89,36.07,19.63,17.12,3
-21.47,14.42,-3.74,21.96,-14.26,28.97,30.81,16.77,36.43,25.08,3
22.9,-23.03,14.54,-22.26,-12.17,41.99,37.54,19.77,26.67,19.55,3
-22.92,-21.03,-13.5,3.23,-3.18,41.55,26.82,45.38,35.39,17.86,3
-10.99,6.96,-13.24,8.85,10.49,41.41,37.2,19.18,17.36,43.77,3
21.08,-18.96,16.64,0.64,-22.09,35.17,22.0,19.52,16.51,39.26,3
1.19,-23.42,-14.75,-5.78,12.93,16.14,38.25,19.08,40.89,35.45,3
19.35,-19.33,-4.07,-14.68,3.36,35.76,42.22,28.36,21.31,17.22,3
